age,sex,cp,trestbps,chol,fbs,restecg,thalach,exang,oldpeak,slope,ca,thal,prediction,probability_0,probability_1,actual
49.0,1.0,4.0,130.0,206.0,0.0,0.0,170.0,0.0,0.0,,,,0,0.62,0.38,1
61.0,1.0,4.0,120.0,282.0,0.0,1.0,135.0,1.0,4.0,3.0,,6.0,1,0.10666666666666667,0.8933333333333333,1
66.0,1.0,4.0,112.0,261.0,0.0,0.0,140.0,0.0,1.5,1.0,,,1,0.24333333333333335,0.7566666666666667,1
65.0,1.0,4.0,136.0,248.0,0.0,0.0,140.0,1.0,4.0,3.0,,,1,0.01,0.99,1
69.0,1.0,3.0,,271.0,0.0,2.0,,,,,,,1,0.2633333333333333,0.7366666666666667,0
59.0,1.0,3.0,180.0,213.0,0.0,0.0,100.0,0.0,0.0,,,,1,0.23666666666666666,0.7633333333333333,0
71.0,0.0,4.0,112.0,149.0,0.0,0.0,125.0,0.0,1.6,2.0,0.0,3.0,0,0.7,0.3,0
50.0,1.0,4.0,130.0,233.0,0.0,0.0,121.0,1.0,2.0,2.0,,7.0,1,0.006666666666666667,0.9933333333333333,1
