age,sex,cp,trestbps,chol,fbs,restecg,thalach,exang,oldpeak,slope,ca,thal,prediction,probability_0,probability_1,actual
49.0,1.0,4.0,130.0,206.0,0.0,0.0,170.0,0.0,0.0,,,,0,0.8164141483171619,0.18358585168283817,1
61.0,1.0,4.0,120.0,282.0,0.0,1.0,135.0,1.0,4.0,3.0,,6.0,1,0.10938570284274002,0.8906142971572599,1
66.0,1.0,4.0,112.0,261.0,0.0,0.0,140.0,0.0,1.5,1.0,,,1,0.1414548945599172,0.8585451054400829,1
65.0,1.0,4.0,136.0,248.0,0.0,0.0,140.0,1.0,4.0,3.0,,,1,0.07305708240467722,0.926942917595323,1
69.0,1.0,3.0,,271.0,0.0,2.0,,,,,,,1,0.436528803903874,0.563471196096126,0
59.0,1.0,3.0,180.0,213.0,0.0,0.0,100.0,0.0,0.0,,,,1,0.2935291902058144,0.7064708097941855,0
71.0,0.0,4.0,112.0,149.0,0.0,0.0,125.0,0.0,1.6,2.0,0.0,3.0,0,0.47891623958572965,0.5210837604142703,0
50.0,1.0,4.0,130.0,233.0,0.0,0.0,121.0,1.0,2.0,2.0,,7.0,1,0.031466554465637966,0.9685334455343618,1
